{
  "nav": {
    "home": "முகப்பு",
    "findCentre": "மையத்தைக் கண்டறியவும்",
    "about": "எங்களை பற்றி",
    "organiser": "ஏற்பாட்டாளர்",
    "joinUs": "எங்களுடன் சேரவும்",
    "contact": "தொடர்பு கொள்ள",
    "faq": "அடிக்கடி கேட்கப்படும் கேள்விகள்"
  },
  "hero": {
    "title": "சிவனும் நானும்",
    "subtitle": "சிவபெருமானுடன் சில நிமிடங்கள் . . .",
    "description": "இந்த சிவராத்திரியில், அமைதி மற்றும் தியானத்தின் மூலம் சிவபெருமானை தியானியுங்கள் ",
    "eventDates": "பிப்ரவரி 14–16, 2026",
    "eventTimings": "காலை 7:00 – மதியம் 12:00 & மாலை 4:00 – இரவு 8:00",
    "joinWhatsApp": "அடிக்கடி புதுப்பிப்புகளைப் பெற எங்கள் WhatsApp குழுவில் சேரவும்",
    "findCentre": "🔍 உங்களுக்கு அருகிலுள்ள மையத்தைக் கண்டறியவும்"
  },
  "findCentre": {
    "title": "🔍 உங்களுக்கு அருகிலுள்ள மையத்தைக் கண்டறியவும்",
    "subtitle": "உங்கள் இடத்தைத் தேர்ந்தெடுக்கவும் அல்லது அருகிலுள்ள மையங்களைத் தானாகக் கண்டறிய GPS ஐ அனுமதிக்கவும்.",
    "selectState": "மாநிலத்தைத் தேர்ந்தெடுக்கவும்",
    "selectDistrict": "மாவட்டத்தைத் தேர்ந்தெடுக்கவும்",
    "selectCentre": "மையத்தைத் தேர்ந்தெடுக்கவும்",
    "useLocation": "📍 அருகிலுள்ள மையங்களைக் கண்டறிய எனது இடத்தைப் பயன்படுத்தவும்",
    "states": {
      "tamilNadu": "தமிழ்நாடு",
      "southKerala": "தென் கேரளா",
      "puducherry": "புதுச்சேரி"
    }
  },
  "centreCard": {
    "distance": "கி.மீ தூரம்",
    "getDirections": "திசைகளைப் பெறுக",
    "call": "அழைக்கவும்"
  },
  "about": {
    "title": "🌺 சிவனும் நானும் என்றால் என்ன?",
    "para1": "சிவனும் நானும் என்பது பிரம்மகுமாரிகளால் ஏற்பாடு செய்யப்பட்ட ஒரு சிவராத்திரி அனுபவமாகும், இது உள் சிந்தனைக்கான அமைதியான, தியான அடிப்படையிலான சூழலை வழங்குகிறது. பார்வையாளர்கள் கூட்டு ராஜயோக தியானத்தின் மூலம் தயாரிக்கப்பட்ட சிறப்பாக உருவாக்கப்பட்ட அனுபவ அறையில் நுழைந்து நேரத்தை செலவிட அழைக்கப்படுகிறார்கள்.",
    "para2": "அனுபவ அறை எளிமை, மென்மையான விளக்குகள் மற்றும் குறைந்தபட்ச ஒலியுடன் அமைதி மற்றும் அசைவற்ற தன்மையை ஆதரிக்க வடிவமைக்கப்பட்டுள்ளது. பார்வையாளர்கள் அமைதியாக நுழைந்து, தங்கள் இருக்கைகளை எடுத்து, குறுகிய காலத்திற்கு அமைதியாக இருக்கிறார்கள். மனம் இயல்பாக அமைதியடைய உதவ மென்மையான வழிகாட்டுதல் வழங்கப்படலாம்.",
    "para3": "செய்ய வேண்டிய சடங்குகள் எதுவும் இல்லை மற்றும் பின்பற்ற வேண்டிய குறிப்பிட்ட நடைமுறைகள் எதுவும் இல்லை. அனுபவம் சுய-வேகமானது மற்றும் முதல் முறையாக வருபவர்களுக்கும் வழக்கமான தியானிகளுக்கும் ஏற்றது. பல பார்வையாளர்கள் அனுபவத்தின் போதும் அதற்குப் பின்னரும் அமைதி, தெளிவு மற்றும் லேசான உணர்வை அறிவிக்கின்றனர்.",
    "para4": "சிவனும் நானும் நுழைவு இலவசம் மற்றும் அனைவருக்கும் திறந்திருக்கும். நிகழ்ச்சி நேரங்களில் முன் பதிவு இல்லாமல் பார்வையாளர்கள் உள்ளே செல்லலாம்.",
    "findCentreBtn": "உங்களுக்கு அருகிலுள்ள மையத்தைக் கண்டறியவும்",
    "knowMoreBtn": "சிவனும் நானும் பற்றி மேலும் அறிக"
  },
  "organiser": {
    "title": "🌺 பிரம்மகுமாரிகள்",
    "para1": "பிரம்மகுமாரிகள் பல நாடுகளில் மையங்களைக் கொண்ட உலகளாவிய ஆன்மீக அமைப்பாகும். இது ராஜயோக தியானம் மற்றும் ஆன்மீக கல்வி மூலம் உள் வளர்ச்சியில் கவனம் செலுத்துகிறது. இந்த அமைப்பு அதன் கட்டமைக்கப்பட்ட கற்பித்தல், ஒழுக்கமான வாழ்க்கை முறை மற்றும் தனிப்பட்ட மதிப்புகளுக்கு முக்கியத்துவம் அளிப்பதற்காக அறியப்படுகிறது.",
    "para2": "அனைத்து நடவடிக்கைகளும் பயிற்சி பெற்ற தன்னார்வலர்களால் நடத்தப்படுகின்றன, அவர்கள் தங்கள் நேரத்தையும் சேவையையும் சுதந்திரமாக வழங்குகிறார்கள். போதனைகள் நடைமுறை சார்ந்தவை மற்றும் தினசரி வாழ்க்கையில் பயன்படுத்தப்பட வேண்டும். அனைத்து தரப்பு மக்களும் பங்கேற்க வரவேற்கப்படுகிறார்கள்."
  },
  "whatsapp": {
    "title": "📱 எங்கள் WhatsApp குழுவில் சேரவும்",
    "subtitle": "நிகழ்வு அட்டவணைகள், மைய இடங்கள் மற்றும் தியான குறிப்புகளுடன் புதுப்பித்த நிலையில் இருங்கள்",
    "namePlaceholder": "உங்கள் பெயர்",
    "mobilePlaceholder": "மொபைல் எண் (10 இலக்கங்கள்)",
    "selectCentre": "அருகிலுள்ள மையத்தைத் தேர்ந்தெடுக்கவும்",
    "submitButton": "WhatsApp குழுவில் சேரவும்",
    "submitting": "சேர்க்கிறது...",
    "successMessage": "நன்றி! விரைவில் WhatsApp அழைப்பைப் பெறுவீர்கள்.",
    "errorMessage": "தயவுசெய்து அனைத்து புலங்களையும் சரியாக நிரப்பவும்"
  },
  "contact": {
    "title": "🌺 தொடர்பு கொள்ள",
    "subtitle": "ஏதேனும் கேள்விகளுக்கு, அருகிலுள்ள சிவனும் நானும் மையத்தைப் பார்வையிடலாம் அல்லது எங்களைத் தொடர்பு கொள்ளலாம்:",
    "call": "அழைக்கவும்",
    "whatsapp": "WhatsApp"
  },
  "faq": {
    "title": "❓ அடிக்கடி கேட்கப்படும் கேள்விகள்",
    "q1": {
      "question": "சிவனும் நானும் திட்டம் என்றால் என்ன?",
      "answer": "சிவனும் நானும் என்பது பிரம்மகுமாரிகளால் ஏற்பாடு செய்யப்பட்ட ஒரு சிறப்பு சிவராத்திரி தியான அனுபவமாகும். இது அமைதி மற்றும் ராஜயோக தியானத்தின் மூலம் உள் சிந்தனைக்கான அமைதியான சூழலை வழங்குகிறது. சிவராத்திரியின் மங்களகரமான சந்தர்ப்பத்தில் பார்வையாளர்கள் தங்கள் ஆன்மீக சாராம்சத்துடன் இணைக்க உதவும் வகையில் இந்த திட்டம் வடிவமைக்கப்பட்டுள்ளது."
    },
    "q2": {
      "question": "எனக்கு முன் தியான அனுபவம் தேவையா?",
      "answer": "முந்தைய அனுபவம் தேவையில்லை. இந்த திட்டம் அனைவருக்கும் வடிவமைக்கப்பட்டுள்ளது - முதல் முறையாக வருபவர்கள் முதல் அனுபவமிக்க தியானிகள் வரை. அனுபவத்தில் இயல்பாக குடியேற உதவ மென்மையான வழிகாட்டுதல் வழங்கப்படுகிறது. உங்கள் பின்னணி எதுவாக இருந்தாலும் உங்கள் பயணத்தை ஆதரிக்க சூழல் உருவாக்கப்பட்டுள்ளது."
    },
    "q3": {
      "question": "அனுபவத்தின் போது நான் என்ன எதிர்பார்க்கலாம்?",
      "answer": "நீங்கள் மென்மையான விளக்குகள் மற்றும் குறைந்தபட்ச ஒலியுடன் சிறப்பாக தயாரிக்கப்பட்ட அனுபவ அறைக்குள் நுழைவீர்கள். உங்கள் இருக்கையை எடுத்த பிறகு, நீங்கள் அமைதியிலும் அசைவற்ற நிலையிலும் நேரத்தை செலவிடுவீர்கள். மென்மையான வழிகாட்டுதல் வழங்கப்படலாம். பின்பற்ற வேண்டிய சடங்குகள் அல்லது குறிப்பிட்ட நடைமுறைகள் எதுவும் இல்லை - அனுபவம் சுய-வேகமானது மற்றும் தனிப்பட்டது."
    },
    "q4": {
      "question": "நுழைவு கட்டணம் அல்லது பதிவு தேவையா?",
      "answer": "நுழைவு முற்றிலும் இலவசம் மற்றும் அனைவருக்கும் திறந்திருக்கும். முன் பதிவு தேவையில்லை - நிகழ்வு நேரங்களில் நீங்கள் உள்ளே செல்லலாம். பிரம்மகுமாரிகள் அமைப்பு தன்னார்வ சேவையில் செயல்படுகிறது, மேலும் அனைத்து நடவடிக்கைகளும் ஆன்மீக வளர்ச்சியை ஆதரிக்க சுதந்திரமாக வழங்கப்படுகின்றன."
    },
    "q5": {
      "question": "நிகழ்வு தேதிகள் மற்றும் நேரங்கள் என்ன?",
      "answer": "சிவனும் நானும் பிப்ரவரி 14-16, 2026 வரை நடைபெறும். மையங்கள் இரண்டு அமர்வுகளில் திறக்கப்படும்: காலை அமர்வு காலை 7:00 முதல் மதியம் 12:00 வரை, மற்றும் மாலை அமர்வு மாலை 4:00 முதல் இரவு 8:00 வரை. இந்த நேரங்களில் நீங்கள் எந்த மையத்தையும் பார்வையிடலாம்."
    }
  },
  "joinEvent": {
    "title": "நிகழ்வில் சேரவும்",
    "nameLabel": "பெயர்",
    "namePlaceholder": "உங்கள் பெயரை உள்ளிடவும்",
    "mobileLabel": "WhatsApp எண்",
    "mobilePlaceholder": "10-இலக்க எண்",
    "mobileHelp": "10-இலக்க WhatsApp எண் மட்டுமே",
    "joinButton": "நிகழ்வில் சேரவும்",
    "joining": "சேர்க்கிறது...",
    "success": "நன்றி!",
    "successMessage": "நீங்கள் நிகழ்வுக்கு பதிவு செய்யப்பட்டுள்ளீர்கள். நாங்கள் உங்களைப் பார்க்க ஆவல்பட்டுள்ளோம்!",
    "joinGroup": "எங்கள் WhatsApp குழுவில் சேரவும்",
    "close": "மூடவும்"
  },
  "footer": {
    "tagline": "அமைதி மற்றும் தியானத்தின் மூலம் சிவபெருமானை தியானியுங்கள் ",
    "organisedBy": "பிரம்மகுமாரிகளால் ஏற்பாடு செய்யப்பட்டது",
    "quickLinks": "விரைவு இணைப்புகள்",
    "contact": "தொடர்பு",
    "call": "அழைக்கவும்",
    "whatsapp": "WhatsApp",
    "copyright": "பிரம்மகுமாரிகள். அனைத்து உரிமைகளும் பாதுகாக்கப்பட்டவை.",
    "eventName": "சிவனும் நானும் - ஒரு சிவராத்திரி தியான அனுபவம்"
  }
}
